﻿<?xml version="1.0" encoding="UTF-8" standalone="yes"?>
<addon id="script.c.o.d-installer"
    name="C.O.D INSTALLER" version="100.0.16" provider-name="addoncod">
  <requires>
    <import addon="xbmc.python" version="2.1.0"/>
  </requires>
  <extension point="xbmc.python.script" library="addon.py"> 
     <provides>executable</provides> 
  </extension> 
  <extension point="xbmc.service" library="service.py" start="startup"/>
  <extension point="xbmc.addon.metadata">
<language></language>
    <platform>all</platform>
    <license>ADDONCOD</license>
    <forum>http://cod.center</forum>
    <source></source>
  </extension>
</addon>
