﻿<?xml version="1.0" encoding="UTF-8" standalone="yes"?>
<addon id="script.module.cod" name="Croatia On Demand" version="3.0" provider-name="addoncod">
	<requires>
		<import addon="xbmc.python" version="2.1.0"/>
		<import addon="script.module.beautifulsoup" version="3.2.1"/>
		<import addon="script.module.youtube.dl" version="15.318.0"/>
		<import addon="script.module.requests"  />
    	<import addon="script.module.addon.common" />
		<import addon="script.module.urlresolver" />
		<import addon="script.module.liveresolver"  />
		<import addon="script.module.livestreamer"  />
		<import addon="script.module.pyxbmct" version="1.1.4" />

		
    	
	</requires>
	<extension point="xbmc.python.pluginsource" library="default.py">
		
	</extension>
	<extension point="xbmc.addon.metadata">
		<summary lang="en">Croatia On Demand</summary>
		
		<description lang="en">The author does not host or distribute any of the content displayed by this addon.
		</description>
		<disclaimer lang="en">The author does not have any affiliation with the content provider.</disclaimer>
		
		<platform>all</platform>
	</extension>
</addon>