<?xml version="1.0" encoding="UTF-8" standalone="yes"?>
<addon id="script.module.croatia_od" version="2.4" name="[B][COLOR red]CROATIA ON DEMAND[/COLOR]Module[/B]" provider-name="[B][COLOR cyan]addoncod[/COLOR][/B]">
    <requires>
        <import addon="xbmc.python" version="2.19.0" />
        <import addon="script.module.beautifulsoup4" />
        <import addon="script.module.dateutil" />
        <import addon="script.module.futures" />
        <import addon="script.module.requests" />
    </requires>
    <extension point="xbmc.python.module" library="lib" />
    <extension point="xbmc.addon.metadata">
    <summary lang="en">CROATIA ON DEMAND</summary>
    <description lang="en">This addon does not form part of the Kodi Media Centre. Please do not seek assistance with this addon from any of the Official Kodi Support Channels.The author does not host any of the content in this addon and takes no responsibility for content found.</description>
    <disclaimer lang="en">The author is not responsible for the use of this addon. The author is not responsible for the content found using this addon. The author does not host or own any content found within this addon. The author is in no way affiliated with Kodi, Team Kodi, or the XBMC Foundation. This is a Non-profit resource, organized solely for educational purposes which is protected under the Fair-Use doctrine of the Copyright Act, Specifically section 107, which does promote freedom of expression, by permitting the unlicensed use of copyright-protected works</disclaimer>
    <platform>all</platform>
    <license>GNU GENERAL PUBLIC LICENSE. Version 3, 29 June 2007</license>
    <assets>
      <icon>icon.png</icon>
      <icon>icon.gif</icon>
      <fanart>fanart.jpg</fanart>
        <screenshot></screenshot>
        <screenshot></screenshot>
        <screenshot></screenshot>
    </assets>
    <news></news>
    </extension>
</addon>
