<?xml version="1.0" encoding="UTF-8"?>
    <addon id="repository.cod" name="C.O.D Repo" version="2.1" provider-name="addoncod">
        <requires>
            <import addon="xbmc.addon" version="12.0.0"/>
        </requires>
        <extension point="xbmc.addon.repository" name="C.O.D Repo">
            <info compressed="false">http://builds.blackeyerepo.xyz/_BASE/addons.xml</info>
            <checksum>http://builds.blackeyerepo.xyz/_BASE/addons.xml.md5</checksum>
            <datadir zip="true">http://builds.blackeyerepo.xyz/_BASE/</datadir>
            <hashes>false</hashes>
        </extension>
        <extension point="xbmc.addon.metadata">
            <summary>This addon does not form part of the Kodi Media Centre.</summary>
            <description>The author does not host or own any content found within this addon.</description>
            <platform>all</platform>
    </extension>
</addon>